cue,d_q,delta,delta_sd,delta_ci_lo,delta_ci_hi,n_pairs,n_clusters,n_generators,within_class_r,family,label
panning,1.034495286405564,0.027253333655064008,0.026344570162091192,0.02507138234191465,0.02931829590732496,1712,428,4,0.1221063630399994,detail_texture,"subject sharp with
streaked background"
low_light_noise,0.9029527808162342,0.020781688145611696,0.023015254603707912,0.019018519204114584,0.022649098424898522,1712,428,4,0.3056180049154163,detail_texture,clean low light
mirrorless_cues,0.8843075139058888,0.0329613799830776,0.037273662684930514,0.030021585572999557,0.03598378571692825,1712,428,4,0.1442464608369274,provenance_process,"mirrorless capture cues
present"
framing,0.830568948416776,0.021294191092011867,0.02563807752818437,0.019245641239667596,0.023312848651365077,1712,428,4,0.3330099346223908,detail_texture,clean framing
dashcam_cues,0.8287725478763622,0.023343153532531396,0.02816593478192013,0.02126234545782548,0.025561924548335637,1712,428,4,0.0462894166411052,provenance_process,"dashcam capture cues
present"
global_illumination,0.8249668976061425,0.02029772222791214,0.024604286895403074,0.018353847698981622,0.022275745720844363,1712,428,4,0.1143025929340595,other,visible bounce light
sharpness,0.8218090328108482,0.018266031424815577,0.022226613112708123,0.016579510990359914,0.020011944239963487,1712,428,4,0.0883930990641269,detail_texture,sharp detail
material_specularity,0.7873666541831197,0.017479826680969212,0.022200364452955215,0.015700366162556503,0.01918198213587789,1712,428,4,0.0517988143234862,other,correct specular response
drone_camera_cues,0.7155142915651242,0.022521805446499073,0.03147638797994463,0.01996979936298645,0.0252511838880728,1712,428,4,0.1397162047856794,provenance_process,drone aerial cues present
dslr_cues,0.7072716045843374,0.02644543372482488,0.03739077541557296,0.02325220437191885,0.02970409634631903,1712,428,4,0.1505349101369976,provenance_process,DSLR capture cues present
composition_balance,0.6884807287843419,0.016382117828466405,0.02379459169088508,0.01451273356973707,0.018200710024139376,1712,428,4,0.1741127262749222,detail_texture,balanced composition
sunstars,0.6827883569093967,0.016595230316519834,0.024305086852443144,0.014596070007273493,0.01849377357407676,1712,428,4,0.1455142232352142,physics_optics,"clean well defined
sunstars"
night_vision_cues,0.6718509465214707,0.020630045610031816,0.030706283464873457,0.018137891895782167,0.023194366249080754,1712,428,4,0.1410380546850132,provenance_process,night vision cues present
cctv_cues,0.670466613768994,0.01971097466166314,0.029398890648497617,0.01740895720239339,0.02226153364033305,1712,428,4,0.1146486653001236,provenance_process,CCTV capture cues present
depth_layering,0.6663258720712315,0.017157295478823546,0.025749105952454145,0.01505202074251406,0.01929188643896005,1712,428,4,0.1755824002094562,other,"natural layer order errors
absent"
infrared_camera_cues,0.6596809878048143,0.022837538365140367,0.03461906404356997,0.019940702086985715,0.025820267810102566,1712,428,4,0.0623303409578516,provenance_process,"infrared capture cues
present"
specular_highlights,0.6552158881654736,0.014815300804198116,0.022611327154595094,0.013012623393736622,0.01657314418206259,1712,428,4,0.1222377244580621,other,realistic highlight shape
lens_flare,0.6378796884880628,0.018841825034465628,0.029538211318697966,0.016533240327549787,0.021233026573091278,1712,428,4,0.0550881413943128,physics_optics,controlled lens flare
long_exposure,0.6167238881081387,0.014554975995267094,0.02360047385210895,0.012728653684842347,0.016513998182159796,1712,428,4,0.2346999314348058,detail_texture,smooth motion trails
flash_use,0.5927464032566419,0.015011320654683124,0.02532503035397359,0.012961881332757573,0.017190173143560576,1712,428,4,0.0116754061699199,detail_texture,balanced fill flash
edge_aliasing,0.5920375338002949,0.012905839176064292,0.02179902191879893,0.011188402095832469,0.014778698585700809,1712,428,4,0.0929773387009529,other,smooth edges
symmetry,0.5764608399643523,0.015372186057658208,0.026666487976197667,0.013135869810831785,0.017494666581943718,1712,428,4,0.1739373400280597,detail_texture,pleasing symmetry
hair_realism,0.5675815707790413,0.014685566130859999,0.02587393052720711,0.01256564100213583,0.0167995678009819,1712,428,4,0.0777932329084299,other,resolved hair strands
focus_stacking,0.567264019993717,0.01825321278498008,0.0321776318286188,0.015598304419275606,0.02100277867860326,1712,428,4,0.1541936393251201,detail_texture,clean focus stack
studio_quality,0.5566029118956662,0.016787617839051954,0.03016085162378516,0.014301703213308398,0.01930904371463807,1712,428,4,0.129699857213973,other,studio lighting control
clarity,0.5559802430931047,0.014182778262835692,0.025509500452627842,0.012163735063598772,0.016379080520382196,1712,428,4,0.2565942850440343,detail_texture,high clarity
action_camera_cues,0.5512908771010283,0.015248742231539122,0.027660066336894364,0.013006251588117091,0.017537466734887788,1712,428,4,0.1264760237915528,provenance_process,wide FOV action cam cues
perspective_coherence,0.5282902125340856,0.013111832230154432,0.024819373743950348,0.011249580023208331,0.01500564804079724,1712,428,4,0.1370270776956381,other,coherent perspective lines
bokeh_quality,0.5006811251666412,0.013634534783382023,0.02723197280273758,0.011542040531581716,0.01590396272098902,1712,428,4,0.0527707012271288,physics_optics,creamy circular bokeh
face_anatomy,0.497838627486995,0.011098057845783289,0.02229248040033455,0.009405274252686622,0.01291189396301434,1712,428,4,0.1675315184383883,other,correct facial anatomy
silhouette,0.4977010652479932,0.011866663048386242,0.023842952882717566,0.009906007701501162,0.01381991034414089,1712,428,4,0.1164672263427203,detail_texture,clear silhouette
microscope_cues,0.49656048093420563,0.011829241701261591,0.023822358313747825,0.009972663953777232,0.013698639145063847,1712,428,4,0.0189601987337646,provenance_process,"microscope imaging cues
present"
geometry_consistency,0.49655669841127165,0.013570379876774012,0.027328963480287974,0.011320784580226739,0.015650115904040446,1712,428,4,0.094003802788007,other,consistent geometry
contact_shadows,0.49433108583486646,0.015331140552638348,0.03101391150982519,0.012694579353962362,0.017974648147070123,1712,428,4,0.0763292673461732,other,strong contact shadows
lens_distortion,0.49282918649628676,0.011977162256223183,0.024302867168589305,0.010059342900221547,0.013848192882732988,1712,428,4,-0.0283827586022516,physics_optics,low distortion
exif_presence,0.4914208688059508,0.01316827538528393,0.0267963292183339,0.010921351715200839,0.015386889432718267,1712,428,4,0.0301301128600084,other,EXIF present
occlusion_logic,0.46711948329536024,0.010186420271010337,0.021806883753057782,0.008480210155915643,0.011907290304443194,1712,428,4,0.0959102813689901,other,correct occlusion order
shadow_softness,0.45918790566171896,0.012043080519854293,0.026226911404601233,0.009997420137335135,0.014205157682648292,1712,428,4,-0.0799239959460882,other,softness matches distance
medium_format_cues,0.4546238525622661,0.012283963510728774,0.02702005942164317,0.010304039090526998,0.014359671839311557,1712,428,4,0.0294622226150689,provenance_process,large sensor depth traits
minimalist_style,0.4497956428330736,0.013522689324301151,0.030064073629365144,0.01104060063525677,0.016048132504586962,1712,428,4,-0.0541881873134012,other,minimalist style
exposure_accuracy,0.4484547634635918,0.011058678026941627,0.024659517364764117,0.009063502206959128,0.013026062579198186,1712,428,4,0.1824472683185344,detail_texture,well exposed
matte_edges,0.44670734265544304,0.011821880004860173,0.026464485527784787,0.009638827801828542,0.013984592277733849,1712,428,4,0.1983573434666311,other,clean matte edges
shadow_consistency,0.44203631074587435,0.010495741292900582,0.02374407042532431,0.00865923842612217,0.012306385994888227,1712,428,4,0.1051788618216228,other,"consistent shadow
direction"
large_format_cues,0.42601676608193373,0.012792863775723723,0.03002901480469746,0.010357891076314902,0.015261024672675962,1712,428,4,0.0394941562908926,provenance_process,"extreme detail and plane
control"
vignetting,0.42538963018973835,0.00976658246594563,0.022959145622777406,0.007909474452913715,0.011542711897504833,1712,428,4,0.0655714532053007,physics_optics,subtle vignetting
skin_tone,0.41596173484162635,0.01140097697807675,0.02740871580992316,0.009198509218035342,0.013635287749765045,1712,428,4,0.1695779719303776,tone_color,healthy skin tones
time_of_day_coherence,0.40736580256019295,0.010425395354330723,0.02559222028164785,0.008435163603252426,0.01245753687441079,1712,428,4,-0.0623466301006859,other,"time cues match sky and
shadows"
desaturation,0.39705661241375534,0.010032438786576727,0.02526702357527385,0.008114328388472336,0.012140294466303892,1712,428,4,0.1577257544873332,tone_color,rich color presence
hue_consistency,0.3964903677105617,0.008248892403541767,0.020804773773378187,0.0065499323671118544,0.009822271220899419,1712,428,4,0.1824915271948846,tone_color,stable hues
vignette_edit,0.3945262240101429,0.008872496889967375,0.022488991478901717,0.00710986363379013,0.010662806655953209,1712,428,4,0.0841408475143923,detail_texture,tasteful vignette
leading_lines,0.3855501711892272,0.009784936236647494,0.025379151580884836,0.007712938208847498,0.011777180985816793,1712,428,4,0.1127552746340516,detail_texture,strong leading lines
bloom,0.38033039996201135,0.01021109288943571,0.02684795349111096,0.008181942726883487,0.012302460214517747,1712,428,4,-0.0671976292841261,detail_texture,"naturalistic highlight
glow"
atmospheric_haze,0.3803059113310945,0.010958487138951551,0.028814927174274415,0.008682248258728832,0.01338773282429573,1712,428,4,0.0454273141212775,detail_texture,depth graded haze
chromatic_aberration,0.3718382091612354,0.00790003200729675,0.021245885475613294,0.006166863170093549,0.009478790939539093,1712,428,4,0.1445946451043253,physics_optics,minimal fringing
color_harmony,0.36863980133707647,0.00969963076970286,0.026311946606204145,0.007511763461690177,0.011749940576905721,1712,428,4,0.1460273217397997,tone_color,harmonious palette
color_uniformity,0.3409170783240458,0.008445868266626433,0.024773966467583456,0.006530178313088289,0.01038638261204522,1712,428,4,0.0908031577138563,tone_color,even color mapping
onion_ring_bokeh,0.3321382259081757,0.007359059608346644,0.022156617439093446,0.005605161057368229,0.009113063668326048,1712,428,4,0.1135390520431478,physics_optics,clean bokeh disks
shadow_color,0.32725134380909926,0.008237527991194473,0.02517186910621153,0.006299619540441964,0.010081254055417344,1712,428,4,0.1629725475224603,tone_color,neutral shadow color
denoising_artifacts,0.31871331663933505,0.00637887469623465,0.020014459274863512,0.0048443455327453686,0.00786309484484528,1712,428,4,0.1046702931849154,detail_texture,texture preserved
highlight_rolloff,0.3157217560819142,0.009712185313701752,0.030761850036023237,0.0072587391277639125,0.012331724365003804,1712,428,4,0.029530475753214,tone_color,smooth highlight rolloff
hands_correctness,0.31283641970456544,0.007844507841823181,0.025075430313488852,0.005836368384117466,0.009923618915803392,1712,428,4,0.0447835381681373,other,correct finger count
rule_of_thirds,0.3120417557308926,0.009528538106853002,0.03053609951826605,0.006983496659534458,0.012056015959110036,1712,428,4,-0.0206326144244056,detail_texture,good thirds placement
band_limited_edges,0.30867136989198274,0.006268977861664608,0.020309554021347657,0.004609390397892584,0.007969462647432627,1712,428,4,0.011430316932261,other,well sampled edges
reflection_blur,0.2867597010188522,0.006446761960445673,0.022481408432009246,0.00475146923960274,0.008254063067793607,1712,428,4,0.1019455905852036,other,"blur matches surface
roughness"
field_curvature,0.28395121843576854,0.006531483704386319,0.02300213304372131,0.0046220437401755686,0.008559287599941333,1712,428,4,0.070529885906522,physics_optics,minimal field curvature
white_balance,0.2788539137465414,0.0070623060797695356,0.025326185976319755,0.005079537951297625,0.009096911691913671,1712,428,4,0.1152520690527582,tone_color,accurate white balance
hdr_tonemapping,0.27702939286953254,0.006661981182611339,0.02404792182376406,0.004726570442446318,0.008557284763967441,1712,428,4,0.0333778649514611,detail_texture,smooth local contrast
depth_of_field,0.27519538246567815,0.005750504834225543,0.02089608038733257,0.004132940076709117,0.0074523205113925725,1712,428,4,0.0009941298297296,physics_optics,"aperture consistent blur
gradient"
proportion_realism,0.27212004590299654,0.006037058233316466,0.022185275668623525,0.004339376436344832,0.007709086442998481,1712,428,4,0.0603188581927699,other,plausible body proportions
color_accuracy,0.2573822358820062,0.0077275741474151,0.030023727631916734,0.00520413326738928,0.01021291517957955,1712,428,4,0.1380840234953894,tone_color,true to scene hues
ghosting,0.2559438634739528,0.006161087473484369,0.024072026536832273,0.004142234802290837,0.008034472867716982,1712,428,4,0.0959100342127987,physics_optics,minimal ghosting
reflection_consistency,0.2427111781230274,0.005866863134596443,0.024172199978455877,0.003953848847071627,0.007772661233043355,1712,428,4,0.0060996226414049,other,plausible reflections
macro_rendering,0.24071347065671983,0.005373526999148886,0.022323333149942587,0.003682712910361348,0.0071549307851689,1712,428,4,-0.0202446720562003,physics_optics,crisp macro detail
horizon_line,0.2361631786713212,0.005561386772244022,0.02354891564185817,0.003703947116000752,0.007412947805048166,1712,428,4,0.1000171974820036,detail_texture,level horizon
cross_processing,0.23189441048587067,0.007150664363885778,0.03083586339534246,0.00463601354817847,0.009659332462486576,1712,428,4,-0.0015309460341107,other,no cross processing
specular_noise,0.22551891820053502,0.005614683576767904,0.024896729824569475,0.0035856215499872513,0.0077084255339106384,1712,428,4,-0.0051801341091692,other,micro sparkle preserved
color_banding,0.22066685420592666,0.00555620515566499,0.02517915604343519,0.0035130128838016593,0.007672775399388338,1712,428,4,0.1348996282317717,tone_color,smooth gradients
smartphone_cues,0.21539213652601122,0.006893225571048409,0.03200314404335726,0.004239282301525051,0.009510199170417143,1712,428,4,-0.0294443345358915,provenance_process,"moderate smartphone
processing"
backlighting,0.21218767464271726,0.0048607092590253155,0.022907594737582207,0.0030741620375623886,0.006673012537655737,1712,428,4,0.1776843254576947,detail_texture,controlled rim light
count_consistency,0.20277383227909518,0.004592793086503151,0.02264983126709216,0.002881484185974106,0.006356787764362731,1712,428,4,0.1246264707350174,other,correct object counts
rolling_shutter,0.19436676878883408,0.004601588008771164,0.023674767232306403,0.002746252597793177,0.006454159406082645,1712,428,4,0.0474268784932866,provenance_process,minimal skew
subject_isolation,0.1766316096886446,0.003811625351481695,0.021579519986261772,0.002140191602899753,0.005459267801352772,1712,428,4,0.0115689894306118,detail_texture,strong subject isolation
highlight_color,0.1711454169675926,0.004924308291643581,0.028772656486477973,0.0027261898609273003,0.007129794767923234,1712,428,4,0.1458792590650822,tone_color,neutral highlight color
dynamic_range,0.16974535806215885,0.004066427059727082,0.02395604278167066,0.002245226446849242,0.005904861706190471,1712,428,4,0.0585740598201947,tone_color,wide dynamic range
focus_accuracy,0.16821257350005456,0.0037850313151742503,0.022501476770837362,0.001995667957008381,0.0055389296096938325,1712,428,4,-0.0168667203319501,physics_optics,precise focus
object_boundaries,0.1578180331106232,0.003413982646744894,0.02163239890559179,0.0018418314261397658,0.005042690204556288,1712,428,4,0.1520512752597997,other,crisp boundaries
glitch_artifacts,0.1423707264764655,0.0035759159285266707,0.02511693251152852,0.0016397513023727025,0.005477188890503062,1712,428,4,0.0855679536702395,other,no glitch artifacts
color_temperature,0.10675443611774542,0.00286890733038371,0.026873893345466526,0.0006929483237878489,0.005054428404969205,1712,428,4,0.0137982487944206,tone_color,warm tones
segmentation_errors,0.09174159289837891,0.002019362627162702,0.022011418849022232,0.00027945831949717823,0.0037013182524871,1712,428,4,0.1159692583964795,other,no segmentation errors
gamut_clipping,0.08454237150316689,0.0018572396445219583,0.02196815172676328,0.0001599320630646693,0.003464995952436997,1712,428,4,0.018062317745592,tone_color,no gamut clipping
vibrance,0.07871124201340046,0.0021819896589395328,0.02772144871717375,4.735371830295061e-06,0.0043516369031931295,1712,428,4,0.1248184128614796,tone_color,high vibrance
contrast,0.0741067948606875,0.0018844421281439163,0.02542873607860733,-3.07616198353739e-05,0.0038496658493981867,1712,428,4,-0.0116818945314638,tone_color,high contrast
style_consistency,0.061581369031585745,0.001546533470535115,0.025113658479107237,-0.0002695469247173095,0.0034295232261955825,1712,428,4,-0.0426024092153017,other,consistent visual style
edge_color_shading,0.05905105971178307,0.001524861821501864,0.02582276810855593,-0.0005124912668931318,0.0035772596647748664,1712,428,4,-0.0220623289808983,physics_optics,neutral edge color
detail_variation,0.057329176404371976,0.0014175325393395478,0.02472619751836249,-0.0004610097458617997,0.0032946428743940957,1712,428,4,0.0015816510705373,other,"depth aware detail
variation"
motion_freeze,0.04966199677197414,0.0011116780357118413,0.02238488397508811,-0.0007264388469647861,0.0028338265514044458,1712,428,4,-0.022408834107088,detail_texture,frozen motion
micro_contrast,0.04169088316050026,0.001049756938066547,0.02517953227388409,-0.0009604638581398468,0.003008363323219159,1712,428,4,-0.0411832699250075,detail_texture,crisp micro contrast
shadow_detail,0.026677313950048645,0.0005645662312578135,0.02116278394125148,-0.0011293499337548126,0.002286669836211244,1712,428,4,0.0470648103554153,tone_color,preserved shadows
chroma_noise,0.0200998283763811,0.00046550752500122575,0.023159776107751953,-0.0013924983704409854,0.0022490216791394343,1712,428,4,-0.0458976278443543,tone_color,low chroma noise
depth_cues,0.019254728917804276,0.0005397363161264535,0.028031364057656268,-0.0017835919902936268,0.002852179893118125,1712,428,4,-0.0077988929900462,detail_texture,strong depth cues
logo_rendering,0.00226842151986389,6.315405970840784e-05,0.027840531028023936,-0.002178674128461493,0.002292635122901447,1712,428,4,-0.0431140310731741,other,authentic logo rendering
compression_artifacts,-0.0036922405367006274,-9.168434503944767e-05,0.024831628418601478,-0.002091143768579976,0.0018762298033169079,1712,428,4,-0.0798855688551271,detail_texture,no compression artifacts
cat_eye_bokeh,-0.008651808080050413,-0.0002156077104937607,0.024920537822714205,-0.0022526400264392533,0.0018537406133262509,1712,428,4,-0.0125697496747711,physics_optics,round edge highlights
fine_detail,-0.009854228563269677,-0.00022526635621034075,0.0228598671894004,-0.00210495109190603,0.0016134962184701086,1712,428,4,0.0207677936075836,other,organic micro detail
texture_detail,-0.014961713002834932,-0.0003583141648724135,0.02394873934585702,-0.0021707715396713087,0.0015375229234095495,1712,428,4,0.0360732848631121,detail_texture,rich texture detail
fisheye_effect,-0.033084450027247955,-0.000764037273551001,0.023093546149981308,-0.0025583144569113606,0.0009883524048470576,1712,428,4,-0.0938545553951683,physics_optics,no fisheye effect
lens_dirt,-0.038875583507599315,-0.0010483929056091196,0.026967901469676515,-0.003140092025158866,0.0010714384525009476,1712,428,4,-0.0876180146948389,other,subtle lens dust specks
scene_textures,-0.04937163967809021,-0.0011432861864254548,0.02315673925111331,-0.003009302536879956,0.000681100189411867,1712,428,4,-0.0781254349787988,other,"rich stochastic scene
textures"
reflection_fresnel,-0.0537392380611481,-0.0011902775629837761,0.02214913359265345,-0.002852569817632546,0.0006543190280643402,1712,428,4,-0.0155009138643677,other,fresnel strength correct
coma_aberration,-0.057965212994756925,-0.0011734248792703867,0.020243605063204467,-0.002750103280859718,0.00036670828874501785,1712,428,4,0.0688954451055307,physics_optics,minimal coma
weather_coherence,-0.058473547156465265,-0.001591701479827581,0.027220881188693043,-0.003675920044861839,0.0006284154383036229,1712,428,4,-0.1146301058977254,other,weather cues agree
scan_artifacts,-0.06126807375514659,-0.001322221426094967,0.02158092045425043,-0.0030350564473363225,0.000301080822592775,1712,428,4,-0.0145769182038872,other,no scan lines
cinematic_tone,-0.06798516271283545,-0.0016493076510780038,0.02425981766116474,-0.0034704120255017643,0.00031919171029525504,1712,428,4,0.00522604606198,other,cinematic tone
split_toning,-0.07063161279728261,-0.0017729592106255712,0.025101496913486617,-0.003883825272121439,0.00028041284618824606,1712,428,4,-0.0110466626249523,tone_color,subtle split toning
fabric_realism,-0.07338956423844045,-0.0019099135103054655,0.02602432008044379,-0.003904192490353057,4.159561900242728e-05,1712,428,4,-0.0521263727429528,other,visible weave pattern
text_placement,-0.08321084072196631,-0.0017357618660532362,0.02085980445568342,-0.003373832807404006,-0.00019801209875057742,1712,428,4,0.0654210379758504,other,"plausible signage
placement"
physics_contact,-0.09424709895155854,-0.002168069479653793,0.023004097778841395,-0.00394554271587416,-0.00030126456706097563,1712,428,4,-0.0267353239223714,other,solid contact and gravity
edge_halos,-0.09538311322315446,-0.0021998732464999617,0.023063550477255106,-0.004049949995077952,-0.0003313718471460324,1712,428,4,0.0614024347068177,detail_texture,no edge halos
repetition_artifacts,-0.10702574478968731,-0.0026070574737625456,0.024359162170612188,-0.004574778202632953,-0.0007582508003175702,1712,428,4,-0.0675148303545184,other,no pattern repetition
saturation,-0.10832539107163872,-0.002748978459884133,0.02537704625562952,-0.0048513987240159425,-0.000721181228846713,1712,428,4,0.0412277580073337,tone_color,balanced saturation
depth_realism,-0.10916011282401113,-0.0025178094910129818,0.023065288463673686,-0.004323312613083915,-0.0008465750669538046,1712,428,4,-0.0357761100050006,other,physically plausible blur
halo_artifacts,-0.1180466089039599,-0.002861699538426305,0.024242115593125762,-0.004639646697128185,-0.00110861523318401,1712,428,4,0.1316070300328295,other,no halo artifacts
focus_uniformity,-0.11899165387043034,-0.002722545395470015,0.022880137445896724,-0.004444848544418912,-0.0010492425364551337,1712,428,4,0.0700238044434548,physics_optics,even focus plane
banding,-0.11909047520865723,-0.002892128910019399,0.02428514039390748,-0.00486287428565379,-0.0008549580955000731,1712,428,4,0.1013689864745305,detail_texture,no banding
tint,-0.12266589790292218,-0.0028871469473721345,0.023536671534064205,-0.0046897699296074855,-0.0010465534054651896,1712,428,4,0.0528235140267278,tone_color,neutral tint
film_camera_cues,-0.12317317154185894,-0.003650144021459159,0.029634245637806773,-0.006125392654063402,-0.0011402693412867555,1712,428,4,-0.0842644763658128,provenance_process,"film grain and color
negative cues"
cgi_cues,-0.1422038877565299,-0.0033400585667108336,0.023487814710308162,-0.005191269430896486,-0.0016296033249312135,1712,428,4,-0.0079918418414612,other,no CGI indicators
moire_pattern,-0.14512288129402526,-0.003746649303512836,0.02581708184198715,-0.0058522203698222275,-0.0016881026396106872,1712,428,4,0.012710752531455,detail_texture,no moire pattern
background_integration,-0.15012627109404458,-0.0034040550639884656,0.0226746127721779,-0.005134658164610073,-0.001643406016357031,1712,428,4,-0.0930752135269935,other,subject blends into scene
lighting_direction,-0.15976221429710896,-0.003997432691591295,0.025021139755595088,-0.005955903595398047,-0.0019792581708577904,1712,428,4,-0.0271872015154999,other,"coherent lighting
direction"
texture_realism,-0.17367116475852765,-0.0034762341444726425,0.02001618489347957,-0.004961452378728966,-0.0019700741614013377,1712,428,4,-0.1098683207191144,other,stochastic fine texture
camera_shake,-0.18630957498141662,-0.006234245074474274,0.03346175350942702,-0.009152211345382145,-0.003447933083584736,1712,428,4,0.0218802883842599,detail_texture,stabilized exposure
retouching,-0.1936055610018672,-0.00545832002674224,0.0281929919703577,-0.00792870557168259,-0.0031211336180362956,1712,428,4,0.0700234532978491,detail_texture,subtle retouching
color_depth,-0.19392842211118266,-0.004596594977708846,0.023702533788850896,-0.006479969244814143,-0.002836599380294669,1712,428,4,0.0475758762789454,tone_color,deep color depth
ringing_artifacts,-0.19862152146139572,-0.004193403495069148,0.02111253334591026,-0.005847256846176623,-0.0025523959404653456,1712,428,4,-0.0480803408526988,other,no ringing artifacts
film_grain,-0.200533982942017,-0.005193190418435521,0.02589680981869839,-0.0072183205909380765,-0.002956093793921753,1712,428,4,0.0494730669551419,detail_texture,pleasing film grain
subsurface_scattering,-0.20185124635381962,-0.004503326697764568,0.022310125793678814,-0.006168640665865061,-0.002724265424610627,1712,428,4,-0.0251609200404356,other,translucent skin glow
astigmatism_aberration,-0.20360228755837578,-0.004752323752081227,0.023341210008353496,-0.006628447571522051,-0.0029117396368002987,1712,428,4,-0.0457736327407728,physics_optics,minimal astigmatism
depth_map_halo,-0.22359737818568884,-0.0052181273296157205,0.02333715793967079,-0.007037875929769436,-0.0034795310060534153,1712,428,4,0.0697970643122062,other,no depth map halo
tone_mapping_baked,-0.22482081712960428,-0.005188223451604899,0.02307714880608232,-0.007138829840566357,-0.003401126090053024,1712,428,4,-0.0840032253931672,provenance_process,subtle global tone map
print_texture,-0.2300219527643009,-0.006052539457125243,0.026312877464035638,-0.00792798907569836,-0.0040227719768557955,1712,428,4,-0.0704837295654333,other,authentic print texture
text_legibility,-0.24396497643368,-0.005481890316163612,0.02246998891520735,-0.007190401913066823,-0.003776049050516015,1712,428,4,-0.1997832543768465,other,legible text
sensor_noise_pattern,-0.246339179591914,-0.005313694184684065,0.021570641720439036,-0.007057898118409282,-0.003566285391023126,1712,428,4,-0.1041391662364036,other,photographic noise pattern
vintage_aesthetic,-0.25079860400974574,-0.00813775613874751,0.03244737414260602,-0.010662914793725081,-0.005637982032375599,1712,428,4,-0.0239705203727256,other,vintage aesthetic
sharpening_artifacts,-0.2524134911051402,-0.00565269182216182,0.02239457089798441,-0.007552476764099079,-0.0039432102755832844,1712,428,4,0.0268210742788592,detail_texture,no sharpening halos
color_bleeding,-0.255313398722736,-0.006426626050798483,0.02517151893691893,-0.008480961581003156,-0.004359054528730974,1712,428,4,-0.0645068526807869,tone_color,no color bleed
depth_consistency,-0.26896096804186054,-0.007813487120116007,0.02905063577440698,-0.01013954361191835,-0.005446844673305952,1712,428,4,-0.1090580404014117,other,depth cues agree
black_point,-0.27016477515954146,-0.0061370089741583835,0.022715799905943593,-0.007914455414171215,-0.004300387910798959,1712,428,4,-0.0633637497767337,tone_color,deep blacks
fake_lens_effects,-0.2744698494369828,-0.007692358677186306,0.028026242929653517,-0.010065629409828735,-0.005418239587376635,1712,428,4,-0.0076461415605768,other,authentic optical cues
highlight_detail,-0.27972027312189823,-0.006282434490601836,0.02245970383370832,-0.008036755929794265,-0.004528646769987919,1712,428,4,-0.0692646194983819,tone_color,preserved highlights
edge_coherence,-0.29774254477817985,-0.008716656073796717,0.029275816394632764,-0.011157834842280489,-0.006425974627329089,1712,428,4,-0.0891131165399097,other,edges align across layers
focus_breathing,-0.30607481036728185,-0.0083951700443314,0.027428490551892896,-0.010652235000994992,-0.006201616831635888,1712,428,4,-0.1024347701996542,physics_optics,minimal focus breathing
imperfection_cues,-0.3223827478319925,-0.008267708745776625,0.025645630237277096,-0.010404586637669265,-0.006269846490082065,1712,428,4,-0.0339575125775605,other,"minor optical
imperfections"
sensor_bloom,-0.3251766585744582,-0.007513666226455936,0.02310641317059808,-0.009274228904072458,-0.005659996924061952,1712,428,4,-0.0993260941046646,provenance_process,minimal highlight bleed
tiling_artifacts,-0.338511666880214,-0.009025309284051023,0.026661737739292528,-0.011310040847108847,-0.006932049719727813,1712,428,4,-0.0248451688567691,other,no tiling artifacts
depth_quantization,-0.3407378249818945,-0.01060452788205766,0.03112225031847035,-0.013278771302200036,-0.008062049822681955,1712,428,4,0.0087949951629034,other,continuous depth blur
skin_microtexture,-0.3414715851401986,-0.00788784116937286,0.023099553557682805,-0.009706531071492995,-0.006124792412703232,1712,428,4,-0.0970636862098667,other,"visible pores and fine
texture"
lighting_quality,-0.3425750890116639,-0.0083176328707813,0.024279736436113437,-0.01030854051148831,-0.0063296072655678074,1712,428,4,-0.1497446441435468,detail_texture,soft directional light
jpeg_grid,-0.36123089716567097,-0.009431582679245695,0.026109568016603236,-0.011442722871633622,-0.0074098765049184084,1712,428,4,0.0026620547642612,other,no JPEG blocking
edge_sharpness,-0.37816593639164964,-0.008923287400589968,0.023596222033463416,-0.01074980470205993,-0.0070154778790627054,1712,428,4,-0.0841716713376773,physics_optics,sharp corners
pinhole_camera_cues,-0.41133170368831845,-0.011522270125254598,0.02801211290531949,-0.013887728066206566,-0.00924098998896489,1712,428,4,-0.1423551413140251,provenance_process,"pinhole softness and
vignetting"
eye_catchlight,-0.4418177648108431,-0.011849197348506393,0.026819196266540862,-0.014076209167979171,-0.009702355866833998,1712,428,4,0.0006826454631818,other,coherent catchlights
posterization,-0.48961037416321357,-0.012530791043979425,0.025593393655915953,-0.014497793399418752,-0.01054159604844908,1712,428,4,-0.1009157515202643,detail_texture,no posterization
watermark,-0.5209853006306645,-0.012226171811482361,0.023467402624761782,-0.014147093930518379,-0.010326827872569137,1712,428,4,-0.1785274182295085,detail_texture,watermark absent
oversharpening,-0.6227921121398021,-0.01773367640041181,0.02847447174544661,-0.01980827493755006,-0.01566139595045833,1712,428,4,-0.0745503419991948,other,no oversharpening
upscaler_artifacts,-0.6653230583892066,-0.01833516473241735,0.027558288415267102,-0.020421160315646922,-0.016290882495324694,1712,428,4,-0.0307835075477455,detail_texture,no upscaler artifacts
documentary_look,-0.6856010891174381,-0.01639847144102218,0.023918385926328726,-0.01836252494565691,-0.014462097186079704,1712,428,4,-0.2164612285114064,other,documentary look
instant_camera_cues,-0.7059110910084114,-0.016882561249446138,0.023915988096077343,-0.018803722939263887,-0.014989877398477241,1712,428,4,-0.3021847737946279,provenance_process,instant film texture
