dataset,split,source,attribute,n,q25,median,q75
synthclic,train,FLUX.1-dev,beauty,1633,0.9288196289052871,0.9774660868334624,0.9921874810645394
synthclic,train,FLUX.1-dev,brightness,1633,0.5831975741873324,0.8625164838838487,0.9717005429067116
synthclic,train,FLUX.1-dev,colorfulness,1633,0.5152782606196354,0.8466334039786149,0.9656271811137662
synthclic,train,FLUX.1-dev,complexity,1633,0.250710573672382,0.4470145239289613,0.66791304003781
synthclic,train,FLUX.1-dev,contrast,1633,0.25915134805381007,0.39520279277976633,0.5291200925661885
synthclic,train,FLUX.1-dev,happiness,1633,0.44224844554391485,0.6886640377870985,0.8582431049432698
synthclic,train,FLUX.1-dev,loneliness,1633,0.636991381499213,0.8343770540500657,0.9341263031729582
synthclic,train,FLUX.1-dev,naturalness,1633,0.6910772772153273,0.891132374152632,0.9580179191249225
synthclic,train,FLUX.1-dev,newness,1633,0.598370047748911,0.7504708649317005,0.8578218494679823
synthclic,train,FLUX.1-dev,noisiness,1633,0.05754705853084957,0.127760220527962,0.28956603375261775
synthclic,train,FLUX.1-dev,quality,1633,0.9271615567095074,0.9760206270256064,0.9903612040957214
synthclic,train,FLUX.1-dev,realness,1633,0.19371479914980055,0.3902991330074823,0.6603325784224774
synthclic,train,FLUX.1-dev,relaxation,1633,0.8530002374153817,0.9760569295120345,0.9957670829632139
synthclic,train,FLUX.1-dev,scariness,1633,0.02363776968932991,0.21220816965347486,0.7094263267244917
synthclic,train,FLUX.1-dev,sharpness,1633,0.8481032405786341,0.9531920581396734,0.9850411649931822
synthclic,train,FLUX.1-dev,warmness,1633,0.6140689234814956,0.8011388824648074,0.908973540398984
synthclic,train,FLUX.1-schnell,beauty,1633,0.9018008840837478,0.9702910762697085,0.9898516724903622
synthclic,train,FLUX.1-schnell,brightness,1633,0.5791285079279571,0.8633255214769512,0.9739687821796768
synthclic,train,FLUX.1-schnell,colorfulness,1633,0.4890591574937029,0.8351389442458377,0.9630864831310376
synthclic,train,FLUX.1-schnell,complexity,1633,0.24947954246205484,0.43898532222228276,0.6678929825742326
synthclic,train,FLUX.1-schnell,contrast,1633,0.25004955931825334,0.3852620392331051,0.5349070910321386
synthclic,train,FLUX.1-schnell,happiness,1633,0.46372657492940633,0.7182560152185196,0.8699900865017607
synthclic,train,FLUX.1-schnell,loneliness,1633,0.6740372272385786,0.8629480903634114,0.9466034718965916
synthclic,train,FLUX.1-schnell,naturalness,1633,0.6067591954632208,0.8417166753320628,0.9402839236785335
synthclic,train,FLUX.1-schnell,newness,1633,0.6566637458518537,0.792457590012447,0.8821220103801221
synthclic,train,FLUX.1-schnell,noisiness,1633,0.07635202397796866,0.19163170070357996,0.40323883186550846
synthclic,train,FLUX.1-schnell,quality,1633,0.9087728698874379,0.9686812193078935,0.9889043994149961
synthclic,train,FLUX.1-schnell,realness,1633,0.17234800589116273,0.3951820061998354,0.6682953615234223
synthclic,train,FLUX.1-schnell,relaxation,1633,0.8572794315111385,0.9727737278045243,0.9949190889290643
synthclic,train,FLUX.1-schnell,scariness,1633,0.03065426993387235,0.25585664260276064,0.7528155287231325
synthclic,train,FLUX.1-schnell,sharpness,1633,0.8580585086557647,0.9588155816530439,0.9877847653833897
synthclic,train,FLUX.1-schnell,warmness,1633,0.6007189870138255,0.7938604982856358,0.9010076937828119
synthclic,train,SD3-medium,beauty,1633,0.908001488664168,0.969118947475006,0.9904548059146483
synthclic,train,SD3-medium,brightness,1633,0.5086593303740494,0.8378808295560778,0.9655444132802344
synthclic,train,SD3-medium,colorfulness,1633,0.47860563104279247,0.8409970462827543,0.9693017592135773
synthclic,train,SD3-medium,complexity,1633,0.27409558090901776,0.4902303071203564,0.7168388582234791
synthclic,train,SD3-medium,contrast,1633,0.25266180327761806,0.4138496598020117,0.5649885574992849
synthclic,train,SD3-medium,happiness,1633,0.3739402746819088,0.656292465975664,0.8433137326587631
synthclic,train,SD3-medium,loneliness,1633,0.6475169057315784,0.8411415390903244,0.9403250848402259
synthclic,train,SD3-medium,naturalness,1633,0.5095060351467703,0.7662531570689893,0.905445496052507
synthclic,train,SD3-medium,newness,1633,0.656831032412011,0.7933945506081297,0.8814435151483448
synthclic,train,SD3-medium,noisiness,1633,0.08716221167956541,0.19291722719382762,0.4019446732560803
synthclic,train,SD3-medium,quality,1633,0.876586222576526,0.9571212924424531,0.9842581352170047
synthclic,train,SD3-medium,realness,1633,0.15040735352833465,0.3884231774283743,0.7251286017200884
synthclic,train,SD3-medium,relaxation,1633,0.8527287691971284,0.9697819387849442,0.9944490172737807
synthclic,train,SD3-medium,scariness,1633,0.056152449289213854,0.34479010339223376,0.7826632972271581
synthclic,train,SD3-medium,sharpness,1633,0.8499350722418753,0.9490253201914591,0.9867619793640123
synthclic,train,SD3-medium,warmness,1633,0.5720612660442903,0.7736732537348355,0.8884893290550646
synthclic,train,clic2020,beauty,1633,0.6986899952285693,0.8923326291886837,0.9672405681174051
synthclic,train,clic2020,brightness,1633,0.30829454578296117,0.6768802418984968,0.8969071926770332
synthclic,train,clic2020,colorfulness,1633,0.13233615878532246,0.44989663336597013,0.8014973877564973
synthclic,train,clic2020,complexity,1633,0.298949046308374,0.48434841961235964,0.6942506750573376
synthclic,train,clic2020,contrast,1633,0.17276818971592167,0.31475875366081807,0.4667737881405051
synthclic,train,clic2020,happiness,1633,0.39453736221168395,0.6385623124019768,0.8355717716353234
synthclic,train,clic2020,loneliness,1633,0.7284455245404535,0.8811814767420466,0.9541673075201701
synthclic,train,clic2020,naturalness,1633,0.43779560051940714,0.7164334364845126,0.8863760235456072
synthclic,train,clic2020,newness,1633,0.42206618840528,0.6570970366334558,0.823495714792779
synthclic,train,clic2020,noisiness,1633,0.1860623758510459,0.4403657977468275,0.7087250974585273
synthclic,train,clic2020,quality,1633,0.48713218606618713,0.812190104038385,0.9494602670862958
synthclic,train,clic2020,realness,1633,0.31478878555194895,0.5591031365032112,0.7979395698650623
synthclic,train,clic2020,relaxation,1633,0.6463304650070775,0.918781264543789,0.9824771402008958
synthclic,train,clic2020,scariness,1633,0.09451467908334467,0.4605255756749893,0.8738042436951979
synthclic,train,clic2020,sharpness,1633,0.3845785387549212,0.7506187190003311,0.9258467887825499
synthclic,train,clic2020,warmness,1633,0.5295542373402117,0.7099808711979986,0.841999934500644
synthclic,train,imagen3,beauty,1633,0.8914078440879605,0.9646648798220107,0.9889266680966348
synthclic,train,imagen3,brightness,1633,0.49545291101955585,0.8268463564022898,0.9555689190711901
synthclic,train,imagen3,colorfulness,1633,0.37544294619120033,0.7435031574347286,0.9319755842427139
synthclic,train,imagen3,complexity,1633,0.27593083202991237,0.48434392204879556,0.7079143033624014
synthclic,train,imagen3,contrast,1633,0.2239959051688416,0.3481220112958393,0.47641392277110384
synthclic,train,imagen3,happiness,1633,0.4572443720252768,0.7080187664366735,0.8655002900851901
synthclic,train,imagen3,loneliness,1633,0.6322473423246757,0.8418945856241651,0.9376788712877143
synthclic,train,imagen3,naturalness,1633,0.5862517133556782,0.8315419580620312,0.9332747337296922
synthclic,train,imagen3,newness,1633,0.7370448785564822,0.8428877044149465,0.9089855900588164
synthclic,train,imagen3,noisiness,1633,0.10994755408873898,0.24156886948213413,0.4508278179725582
synthclic,train,imagen3,quality,1633,0.9004091581724433,0.9655944509759183,0.9865452084454511
synthclic,train,imagen3,realness,1633,0.2912761743290804,0.5310905977184524,0.7745504328805928
synthclic,train,imagen3,relaxation,1633,0.8247368618709262,0.9673026063666952,0.9938439517175044
synthclic,train,imagen3,scariness,1633,0.02779989811276705,0.2330305277866127,0.6997027368516098
synthclic,train,imagen3,sharpness,1633,0.8566354761701274,0.955789470943188,0.9870649241440591
synthclic,train,imagen3,warmness,1633,0.6008068107970532,0.7762323715368503,0.884381815962933
synthbuster-plus,train,FLUX.1-dev,beauty,640,0.9538813465744989,0.9800254193035112,0.9920200691564396
synthbuster-plus,train,FLUX.1-dev,brightness,640,0.7549629960509525,0.9319682247996119,0.9803104281457298
synthbuster-plus,train,FLUX.1-dev,colorfulness,640,0.5276862148345868,0.8086835289169337,0.9394240064529266
synthbuster-plus,train,FLUX.1-dev,complexity,640,0.2923318016060472,0.4944162039645056,0.6859586407273337
synthbuster-plus,train,FLUX.1-dev,contrast,640,0.2392480755751496,0.32682265906595503,0.44699693585552075
synthbuster-plus,train,FLUX.1-dev,happiness,640,0.4589523533796577,0.6640727229563155,0.8184606394336182
synthbuster-plus,train,FLUX.1-dev,loneliness,640,0.6719971954798662,0.8440842862952096,0.9269153632515688
synthbuster-plus,train,FLUX.1-dev,naturalness,640,0.7859035386820801,0.921657266767389,0.963690797314807
synthbuster-plus,train,FLUX.1-dev,newness,640,0.505436153853427,0.631831344488007,0.7650694670628982
synthbuster-plus,train,FLUX.1-dev,noisiness,640,0.10443579550804927,0.21385319907520034,0.38871259999090063
synthbuster-plus,train,FLUX.1-dev,quality,640,0.9421279196828829,0.9752289520657873,0.9890981831031426
synthbuster-plus,train,FLUX.1-dev,realness,640,0.14589821027694452,0.2892586713222898,0.5217581228192762
synthbuster-plus,train,FLUX.1-dev,relaxation,640,0.9513071858787059,0.9888942371241469,0.9962023248841023
synthbuster-plus,train,FLUX.1-dev,scariness,640,0.008338143931504421,0.0814879143211659,0.37478732634139267
synthbuster-plus,train,FLUX.1-dev,sharpness,640,0.8737254509443135,0.9511266232693414,0.9807872142558819
synthbuster-plus,train,FLUX.1-dev,warmness,640,0.5064579767469752,0.71442413117141,0.8470511698261877
synthbuster-plus,train,FLUX.1-schnell,beauty,640,0.936038516270222,0.9771751687243353,0.9909015079306338
synthbuster-plus,train,FLUX.1-schnell,brightness,640,0.7856368451365782,0.9430710803741954,0.9851521251316022
synthbuster-plus,train,FLUX.1-schnell,colorfulness,640,0.5583957026949002,0.8340555758661354,0.9567242998809763
synthbuster-plus,train,FLUX.1-schnell,complexity,640,0.26901681152060986,0.4696486866688172,0.7186596446513983
synthbuster-plus,train,FLUX.1-schnell,contrast,640,0.23092843128865356,0.3265430520952255,0.4589051664738695
synthbuster-plus,train,FLUX.1-schnell,happiness,640,0.5132357741648099,0.7376645168531639,0.8483159305504384
synthbuster-plus,train,FLUX.1-schnell,loneliness,640,0.7145309046693398,0.8685841367885976,0.9473414083976909
synthbuster-plus,train,FLUX.1-schnell,naturalness,640,0.7014076997737542,0.8801961177447735,0.952380352101287
synthbuster-plus,train,FLUX.1-schnell,newness,640,0.5885465382723631,0.7301659972479186,0.8253319055388124
synthbuster-plus,train,FLUX.1-schnell,noisiness,640,0.1160463146136386,0.25369407357328244,0.46547374335515923
synthbuster-plus,train,FLUX.1-schnell,quality,640,0.9317103225550776,0.9736190793300669,0.9901047642397768
synthbuster-plus,train,FLUX.1-schnell,realness,640,0.148852331505259,0.3384629497605057,0.5971592478414474
synthbuster-plus,train,FLUX.1-schnell,relaxation,640,0.9429373883263299,0.9871095982108398,0.9963122748541927
synthbuster-plus,train,FLUX.1-schnell,scariness,640,0.009386129495105231,0.0645787573984497,0.4013414905742703
synthbuster-plus,train,FLUX.1-schnell,sharpness,640,0.9038079362147043,0.9601005010844179,0.9861017871469213
synthbuster-plus,train,FLUX.1-schnell,warmness,640,0.4979661046324138,0.6850033846854308,0.8484234846064735
synthbuster-plus,train,SD3-medium,beauty,640,0.951473019870771,0.9815437660551123,0.9922172066049648
synthbuster-plus,train,SD3-medium,brightness,640,0.760821849482209,0.9331070962271317,0.9811207152777601
synthbuster-plus,train,SD3-medium,colorfulness,640,0.5746509130936298,0.8724370390307878,0.9700982358445229
synthbuster-plus,train,SD3-medium,complexity,640,0.3234551358283208,0.5272594845013079,0.752086784555544
synthbuster-plus,train,SD3-medium,contrast,640,0.25243896771696706,0.3813135598147186,0.49683282306663734
synthbuster-plus,train,SD3-medium,happiness,640,0.4185023717926451,0.6652409838266086,0.8135378320768814
synthbuster-plus,train,SD3-medium,loneliness,640,0.6982113307503546,0.8616626323685415,0.948368830582414
synthbuster-plus,train,SD3-medium,naturalness,640,0.5300254306478208,0.7452396789474747,0.8849962437106907
synthbuster-plus,train,SD3-medium,newness,640,0.6236047594716434,0.7492978702290227,0.8556954841606985
synthbuster-plus,train,SD3-medium,noisiness,640,0.14896626933147744,0.291330534909829,0.5159033398570793
synthbuster-plus,train,SD3-medium,quality,640,0.9178263088501314,0.9665445656481891,0.9867413878122955
synthbuster-plus,train,SD3-medium,realness,640,0.10247058625216918,0.2772483251641018,0.6384928072544005
synthbuster-plus,train,SD3-medium,relaxation,640,0.9343207723574088,0.985798287434379,0.9968175645908421
synthbuster-plus,train,SD3-medium,scariness,640,0.01644688495260692,0.11045510786070609,0.4774425012202491
synthbuster-plus,train,SD3-medium,sharpness,640,0.9072866666698787,0.9653093706682729,0.9879485177367474
synthbuster-plus,train,SD3-medium,warmness,640,0.46936494943530194,0.6839427165342284,0.8222176169245555
synthbuster-plus,train,imagen3,beauty,640,0.9409215109906592,0.9766937761895453,0.991132771518409
synthbuster-plus,train,imagen3,brightness,640,0.7497238603489621,0.9111086456703712,0.9713855882595315
synthbuster-plus,train,imagen3,colorfulness,640,0.6118687444037478,0.8265217488978884,0.9472477225258011
synthbuster-plus,train,imagen3,complexity,640,0.3716846520906907,0.5709946052440787,0.7718200279584021
synthbuster-plus,train,imagen3,contrast,640,0.22480282461484608,0.3338978983416222,0.43978450202113073
synthbuster-plus,train,imagen3,happiness,640,0.5255778891106773,0.6991960301289066,0.8414149661511359
synthbuster-plus,train,imagen3,loneliness,640,0.6431160597138725,0.8279365983626221,0.9259295536774423
synthbuster-plus,train,imagen3,naturalness,640,0.6584378335085006,0.8414273618488329,0.93397303669688
synthbuster-plus,train,imagen3,newness,640,0.7024298447604855,0.8133387168491091,0.8763277112539808
synthbuster-plus,train,imagen3,noisiness,640,0.1785640818080872,0.31286314969222273,0.49682570717775565
synthbuster-plus,train,imagen3,quality,640,0.947683249361528,0.9755304983095301,0.9884443318059072
synthbuster-plus,train,imagen3,realness,640,0.2900862693994415,0.5230208599492545,0.7397033728160279
synthbuster-plus,train,imagen3,relaxation,640,0.9500525894502523,0.9878325442216305,0.9960006191715455
synthbuster-plus,train,imagen3,scariness,640,0.008550704187501089,0.06566016266648027,0.3048630188917895
synthbuster-plus,train,imagen3,sharpness,640,0.9359463303765978,0.9739107903780173,0.9899791663338823
synthbuster-plus,train,imagen3,warmness,640,0.49568533937206455,0.7053465215101636,0.8253185799014064
synthbuster-plus,train,raise1k,beauty,640,0.7628649971830886,0.8919929291382909,0.9507760483304653
synthbuster-plus,train,raise1k,brightness,640,0.6716362278086005,0.8761584685669404,0.9545106452671281
synthbuster-plus,train,raise1k,colorfulness,640,0.24672383677604565,0.5221554036538052,0.8109840105261535
synthbuster-plus,train,raise1k,complexity,640,0.3389049840884685,0.5484777827937449,0.7731491055570882
synthbuster-plus,train,raise1k,contrast,640,0.22589831879230082,0.3112389155009202,0.40816065069956436
synthbuster-plus,train,raise1k,happiness,640,0.5976123478629486,0.7731725922468693,0.8735048048450895
synthbuster-plus,train,raise1k,loneliness,640,0.6093504696290204,0.8199406260734594,0.9110457921158454
synthbuster-plus,train,raise1k,naturalness,640,0.48917820216540103,0.7558030547845427,0.8950496676827588
synthbuster-plus,train,raise1k,newness,640,0.5559198323133949,0.7003175568569571,0.7996425582821267
synthbuster-plus,train,raise1k,noisiness,640,0.4185232999081604,0.5741927232062682,0.7396710942368953
synthbuster-plus,train,raise1k,quality,640,0.7768226705554138,0.8808735943313053,0.9386063772909526
synthbuster-plus,train,raise1k,realness,640,0.36031775408375233,0.5596944749313564,0.7632013549285195
synthbuster-plus,train,raise1k,relaxation,640,0.8528786379825721,0.9519208278154065,0.9860013015774293
synthbuster-plus,train,raise1k,scariness,640,0.06122273915127488,0.2334532376206635,0.6424824041361241
synthbuster-plus,train,raise1k,sharpness,640,0.734375168359591,0.8662087273373278,0.9467092399943368
synthbuster-plus,train,raise1k,warmness,640,0.3824737699158157,0.5716433826253348,0.7572341373763334
cnnspot,train,progan,beauty,2000,0.45832975958814604,0.7011996373930034,0.8956379089518549
cnnspot,train,progan,brightness,2000,0.16175923444354323,0.41760813485124304,0.7309915079133412
cnnspot,train,progan,colorfulness,2000,0.16764222905651283,0.42500761716889945,0.7326199331732439
cnnspot,train,progan,complexity,2000,0.44971162901725537,0.838298445602774,0.9798577411039642
cnnspot,train,progan,contrast,2000,0.25399954141745357,0.3713801412689678,0.5114367520796084
cnnspot,train,progan,happiness,2000,0.3575141451161543,0.6090912127500321,0.7928341647673564
cnnspot,train,progan,loneliness,2000,0.6365942305531327,0.847277292162784,0.9314929212382432
cnnspot,train,progan,naturalness,2000,0.04934790004750739,0.33372975143540884,0.852930589382718
cnnspot,train,progan,newness,2000,0.2572931502808007,0.4443878662609999,0.6224864837239958
cnnspot,train,progan,noisiness,2000,0.24657738538581453,0.6710773367107024,0.8954370930732782
cnnspot,train,progan,quality,2000,0.2869395474641018,0.5220153569202823,0.8434896074070407
cnnspot,train,progan,realness,2000,0.00011118936595132084,0.004865850344256532,0.23870826883950913
cnnspot,train,progan,relaxation,2000,0.6127479580354371,0.8522300011409945,0.9628990367355927
cnnspot,train,progan,scariness,2000,0.7596114675296198,0.9705435433745166,0.993811470894707
cnnspot,train,progan,sharpness,2000,0.12930189348951585,0.3176351354148312,0.6387257965450804
cnnspot,train,progan,warmness,2000,0.4740262671631469,0.6533813933586392,0.8021486638205044
